Intitulé,Entreprise,Lien,Secteur,Type de contrat,Lieu,Deadline
SALES AND MARKETING INTERNSHIP,UWACO Cameroon PLC,https://doopin.net/xAFJK?dref=doojobs,Publicité - Marketing,Stage Académique,Lieu,2024-04-30
Représentant / Ambassadeur,Help Consulting Inetrnational,https://doopin.net/BrxOf?dref=doojobs,Publicité - Marketing,Commission,Buea,2024-06-11
Distributeurs/Distributors,PERFECT GARDEN ENTREPRENEURIAL SERVICES,https://doopin.net/DCxGX?dref=doojobs,Commerce - Vente - Distribution,Permanent/CDI,Biyem-Assi,2024-04-20
RÉCEPTIONNISTE/NIGHT AUDITOR,SAFYAD HÔTEL,https://doopin.net/dNHRS?dref=doojobs,Hôtellerie - Restauration,Non spécifé,Yaoundé,2024-04-15
TRADE OFFICER,CAMFOOD SARL,https://doopin.net/Esljj?dref=doojobs,Publicité - Marketing,Non spécifé,Lieu,2024-04-18
Stage subventionné – PPI,DÉLÉGATION DE L'UNION EUROPÉENNE EN RÉPUBLIQUE DU CAMEROUN ET POUR LA GUINÉE EQUATORIALE,https://doopin.net/gPszo?dref=doojobs,Droit - Justice,Stage Professionnel,Yaoundé,2024-04-10
An Administrative Secretary,Vishi Holdings,https://doopin.net/zkpMh?dref=doojobs,Secrétaire - Assistant(e),Permanent/CDI,Douala,2024-04-15
SALES AND MARKETING INTERNSHIP,UWACO Cameroon PLC,https://doopin.net/xAFJK?dref=doojobs,Publicité - Marketing,Stage Académique,Lieu,2024-04-30
Représentant / Ambassadeur,Help Consulting Inetrnational,https://doopin.net/BrxOf?dref=doojobs,Publicité - Marketing,Commission,Buea,2024-06-11
Analyste Financier Senior,PwC,https://doopin.net/ltmdy?dref=doojobs,Banque - Finance,Non spécifé,Douala,2024-04-12
Stagiaire Gouvernance,AGENCE FRANÇAISE DE DÉVELOPPEMENT EN AFRIQUE CENTRALE (AFD),https://doopin.net/UEaZW?dref=doojobs,Gestion de Projets,Stage Professionnel,Yaoundé,2024-04-15
JURISTE D'ENTREPRISE,NCL Unlimited,https://doopin.net/bQilk?dref=doojobs,Droit - Justice,Non spécifé,Yaoundé,2024-04-10
Chargé clientèle sénior,FOCEP SA,https://doopin.net/IeSEb?dref=doojobs,Commerce - Vente - Distribution,Permanent/CDI,Yaoundé,2024-04-21
Assistant(e) de direction H/F,AKBUSINESS,https://doopin.net/BwHXu?dref=doojobs,Secrétaire - Assistant(e),Stage Professionnel,Douala,2024-04-30
RECRUTEMENT MASSIF: 63 POSTES DISPONIBLES,"ASSOCIATION POUR LA PROMOTION DE EMPLOI, DE LA CRÉATIVITÉ ET DE L'INNOVATION (APECRIN)",https://doopin.net/GQtHF?dref=doojobs,Administration,Non spécifé,Yaoundé,2024-04-15
Responsable Technique - Ingénieur Génie civil – Douala,Quigleys Group,https://doopin.net/tLRJQ?dref=doojobs,Architecte - BTP - Urbanisme - Mines,Permanent/CDI,Douala - Cameroun,2024-04-30
SALES AND MARKETING INTERNSHIP,UWACO Cameroon PLC,https://doopin.net/xAFJK?dref=doojobs,Publicité - Marketing,Stage Académique,Lieu,2024-04-30
Représentant / Ambassadeur,Help Consulting Inetrnational,https://doopin.net/BrxOf?dref=doojobs,Publicité - Marketing,Commission,Buea,2024-06-11
Prestataires de Services,FLORE SERVICES,https://doopin.net/sEZJL?dref=doojobs,Administration,Non spécifé,Akwa,2024-04-10
STAGE EN SECRETARIAT COMPTABLE,MindUp Digital,https://doopin.net/ZlsEn?dref=doojobs,Comptabilité - Gestion,Stage Professionnel,Ndogbong,2024-04-06
Technicien réseau /télécoms,GLOBAL SECURITY SYSTEM,https://doopin.net/OEtEv?dref=doojobs,Informatique - Electronique - Numérique,Temporaire/CDD,Zone Industrielle Magzi Bassa,2024-04-06
Community manager,MindUp Digital,https://doopin.net/QRXkb?dref=doojobs,Internet - Web,Stage Professionnel,Ndogbong,2024-04-07
Secretary / Office Assistant,MAGISHA GROUP LTD,https://doopin.net/dSTTo?dref=doojobs,Administration,Non spécifé,Yaoundé,2024-04-05
SALES AND MARKETING INTERNSHIP,UWACO Cameroon PLC,https://doopin.net/xAFJK?dref=doojobs,Publicité - Marketing,Stage Académique,Lieu,2024-04-30
Représentant / Ambassadeur,Help Consulting Inetrnational,https://doopin.net/BrxOf?dref=doojobs,Publicité - Marketing,Commission,Buea,2024-06-11
Conseiller en assurances,SANLAM LIFE INSURANCE CAMEROUN,https://doopin.net/XGHPI?dref=doojobs,Assurance,Autres,Bafoussam,2024-04-30
Recrutement des commerciaux,Init Acquisition,https://doopin.net/gdstc?dref=doojobs,Commerce - Vente - Distribution,Temps-Partiel,Johnkalassi@gmail.com,2024-04-30
Offre d'emploi pour Magasinier,MindUp Digital,https://doopin.net/ikASm?dref=doojobs,Transport - Logistique,Non spécifé,Bonamoussadi Sable,2024-04-05
RECRUTEMENT,ETS KAP,https://doopin.net/ZpxvQ?dref=doojobs,Commerce - Vente - Distribution,Permanent/CDI,Yaoundé,2024-04-10
SALES AND MARKETING INTERNSHIP,UWACO Cameroon PLC,https://doopin.net/xAFJK?dref=doojobs,Publicité - Marketing,Stage Académique,Lieu,2024-04-30
Représentant / Ambassadeur,Help Consulting Inetrnational,https://doopin.net/BrxOf?dref=doojobs,Publicité - Marketing,Commission,Buea,2024-06-11
ADJOINT.E RESPONSABLE DEPARTEMENT FINANCE H/F,Action Contre la Faim,https://doopin.net/iqmNl?dref=doojobs,Comptabilité - Gestion,Non spécifé,Yaoundé,2024-04-04
Assistant(e) RH,SAI LA TOILE CAMEROUN,https://doopin.net/XrOkj?dref=doojobs,Ressources Humaines,Non spécifé,Douala,2024-04-05
APPORTEURS D’AFFAIRES et DES COMMERCIAUX,CABINET SAFETY MULTISERVICES SARL,https://doopin.net/aznUs?dref=doojobs,Commerce - Vente - Distribution,Non spécifé,Yaoundé,2024-04-05
CONTRÔLEUR OPÉRATIONNEL,CECIC SA,https://doopin.net/jDQoz?dref=doojobs,Comptabilité - Gestion,Non spécifé,Yaoundé,2024-04-06
Responsable Comptable,FINASDDEE Credit Line,https://doopin.net/tPUnc?dref=doojobs,Comptabilité - Gestion,Non spécifé,Bali,2024-04-07
SALES AND MARKETING INTERNSHIP,UWACO Cameroon PLC,https://doopin.net/xAFJK?dref=doojobs,Publicité - Marketing,Stage Académique,Lieu,2024-04-30
Représentant / Ambassadeur,Help Consulting Inetrnational,https://doopin.net/BrxOf?dref=doojobs,Publicité - Marketing,Commission,Buea,2024-06-11
AGENT DE TERRAIN - COLLECTEUR /COMMERCIAUX,ATHARI FINANCIAL coop ca,https://doopin.net/GUsNF?dref=doojobs,Commerce - Vente - Distribution,Permanent/CDI,Yaoundé,2025-06-06
APPORTEUR D'AFFAIRES,FRAKTAL  CAMEROUN SARL,https://doopin.net/dExoc?dref=doojobs,Publicité - Marketing,Freelance,Douala,2024-04-14
RECRUTMENT D'UN SUPERVISEUR IMPORT-EXPORT,ELIM BEVERAGES AND FOOD,https://doopin.net/KAEuG?dref=doojobs,Administration,Permanent/CDI,Bonabéri,2024-04-11
Technico-commercial,Global travel & services Group SARL,https://doopin.net/LArMr?dref=doojobs,Commerce - Vente - Distribution,Non spécifé,Total camp sonel essos,2024-04-06
Offre de Stage - Développeur Java SpringBoot (H/F),HK DIGITALS,https://doopin.net/sFeHA?dref=doojobs,Informatique - Electronique - Numérique,Stage Professionnel,Douala,2024-04-12
SALES AND MARKETING INTERNSHIP,UWACO Cameroon PLC,https://doopin.net/xAFJK?dref=doojobs,Publicité - Marketing,Stage Académique,Lieu,2024-04-30
Représentant / Ambassadeur,Help Consulting Inetrnational,https://doopin.net/BrxOf?dref=doojobs,Publicité - Marketing,Commission,Buea,2024-06-11
INFIRMIER DIPLOME D'ETAT H/F,SYNERGIE GROUPE PHARMACEUTIQUE,https://doopin.net/OrTsV?dref=doojobs,Santé,Permanent/CDI,Douala,2024-04-06
Responsable d’exploitation,Un Employeur,https://doopin.net/OIpDl?dref=doojobs,Comptabilité - Gestion,Non spécifé,Douala,2024-04-06
Consultant Ingénieur Technico – Commerciale H/F,2i-international,https://doopin.net/RiwAl?dref=doojobs,Commerce - Vente - Distribution,Consultant,Douala - Cameroun,2024-04-20
Cuisinier H/F,Kw services,https://doopin.net/cYXms?dref=doojobs,Hôtellerie - Restauration,Non spécifé,Yaoundé,2024-04-30
Contrôleur de Gestion,Un Employeur,https://doopin.net/peSbs?dref=doojobs,Comptabilité - Gestion,Non spécifé,Douala,2024-04-05
Analyste données financières,MAGWELL CONSULTING,https://doopin.net/hgRIk?dref=doojobs,Banque - Finance,Stage Professionnel,Douala,2024-04-30
SALES AND MARKETING INTERNSHIP,UWACO Cameroon PLC,https://doopin.net/xAFJK?dref=doojobs,Publicité - Marketing,Stage Académique,Lieu,2024-04-30
Représentant / Ambassadeur,Help Consulting Inetrnational,https://doopin.net/BrxOf?dref=doojobs,Publicité - Marketing,Commission,Buea,2024-06-11
CHAUFFEURS TRANSPORT OU PERSONNEL (H/F),COMPAGNIE FRUITIERE   - PLANTATIONS DU HAUT PENJA,https://doopin.net/Bxxds?dref=doojobs,Transport - Logistique,Non spécifé,Njombé,2024-04-04
SALES AND MARKETING INTERNSHIP,UWACO Cameroon PLC,https://doopin.net/xAFJK?dref=doojobs,Publicité - Marketing,Stage Académique,Lieu,2024-04-30
Représentant / Ambassadeur,Help Consulting Inetrnational,https://doopin.net/BrxOf?dref=doojobs,Publicité - Marketing,Commission,Buea,2024-06-11
SALES AND MARKETING INTERNSHIP,UWACO Cameroon PLC,https://doopin.net/xAFJK?dref=doojobs,Publicité - Marketing,Stage Académique,Lieu,2024-04-30
Représentant / Ambassadeur,Help Consulting Inetrnational,https://doopin.net/BrxOf?dref=doojobs,Publicité - Marketing,Commission,Buea,2024-06-11
Responsable de cold salling,GROUP ALLIANCE GULF SARL,https://doopin.net/VETEa?dref=doojobs,Publicité - Marketing,Non spécifé,Douala,2024-04-10
Recrutement d un stagiaire en marketing digitale,Inoni tech,https://doopin.net/yzRmi?dref=doojobs,Publicité - Marketing,Autres,Yaoundé,2024-04-04
SALES AND MARKETING INTERNSHIP,UWACO Cameroon PLC,https://doopin.net/xAFJK?dref=doojobs,Publicité - Marketing,Stage Académique,Lieu,2024-04-30
Représentant / Ambassadeur,Help Consulting Inetrnational,https://doopin.net/BrxOf?dref=doojobs,Publicité - Marketing,Commission,Buea,2024-06-11
CONSEILLER COMMERCIALE (H/F),NSIA VIE ASSURANCES CAMEROUN,https://doopin.net/ZXeed?dref=doojobs,Assurance,Temporaire/CDD,Bafoussam,2024-04-13
SALES AND MARKETING INTERNSHIP,UWACO Cameroon PLC,https://doopin.net/xAFJK?dref=doojobs,Publicité - Marketing,Stage Académique,Lieu,2024-04-30
Représentant / Ambassadeur,Help Consulting Inetrnational,https://doopin.net/BrxOf?dref=doojobs,Publicité - Marketing,Commission,Buea,2024-06-11
Responsable Commerciale et marketing,Diaspo-Mboa Sarl,https://doopin.net/eQyAw?dref=doojobs,Publicité - Marketing,Stage Professionnel,Bonamoussadi,2024-04-15
Maintenancier Informatique,DOVV DISTRIBUTION SARL,https://doopin.net/pLDBv?dref=doojobs,Informatique - Electronique - Numérique,Non spécifé,Douala,2024-04-15
SALES AND MARKETING INTERNSHIP,UWACO Cameroon PLC,https://doopin.net/xAFJK?dref=doojobs,Publicité - Marketing,Stage Académique,Lieu,2024-04-30
Représentant / Ambassadeur,Help Consulting Inetrnational,https://doopin.net/BrxOf?dref=doojobs,Publicité - Marketing,Commission,Buea,2024-06-11
Contrôleur Comptable,SITRACEL,https://doopin.net/LWzKQ?dref=doojobs,Comptabilité - Gestion,Permanent/CDI,Douala,2024-04-12
Assistante de direction,ESTIM,https://doopin.net/hWnil?dref=doojobs,Secrétaire - Assistant(e),Permanent/CDI,Douala,2024-04-06
Cyber Security Academic Internship - OnSite or 100% Remote,UWACO Cameroon PLC,https://doopin.net/wRExp?dref=doojobs,Internet - Web,Stage Académique,Lieu,2024-04-24
Sales and Marketing Manager,UWACO Cameroon PLC,https://doopin.net/FQyBl?dref=doojobs,Publicité - Marketing,Stage Académique,Lieu,2024-04-30
ADMINITRATIVE ASSISTANT ACADEMIC INTERNSHIP-100% Remote or OnSite,UWACO Cameroon PLC,https://doopin.net/UyznK?dref=doojobs,Secrétaire - Assistant(e),Stage Académique,Lieu,2024-04-30
Project Management Internship-100% Remote or OnSite,UWACO Cameroon PLC,https://doopin.net/lypwz?dref=doojobs,Gestion de Projets,Stage Académique,Lieu,2024-04-30
Customer Service Academic Internship-100% Remote or OnSite,UWACO Cameroon PLC,https://doopin.net/NVPlp?dref=doojobs,Commerce - Vente - Distribution,Stage Académique,Lieu,2024-04-30
Graphic Design Academic Internship-100% Remote or OnSite,UWACO Cameroon PLC,https://doopin.net/EBJmB?dref=doojobs,Art - Design,Stage Académique,Lieu,2024-04-30
SALES AND MARKETING INTERNSHIP,UWACO Cameroon PLC,https://doopin.net/xAFJK?dref=doojobs,Publicité - Marketing,Stage Académique,Lieu,2024-04-30
Représentant / Ambassadeur,Help Consulting Inetrnational,https://doopin.net/BrxOf?dref=doojobs,Publicité - Marketing,Commission,Buea,2024-06-11
Javascript Web Software Development Internship,UWACO Cameroon PLC,https://doopin.net/HgbzY?dref=doojobs,Informatique - Electronique - Numérique,Stage Académique,Lieu,2024-04-30
NodeJs Software Developer Academic Internship-Onsite or 100% Remote,UWACO Cameroon PLC,https://doopin.net/bBvtS?dref=doojobs,Informatique - Electronique - Numérique,Stage Académique,Lieu,2024-04-30
Python Software Developer Academic Internship-Onsite or 100% Remote,UWACO Cameroon PLC,https://doopin.net/xjzhz?dref=doojobs,Informatique - Electronique - Numérique,Stage Académique,Lieu,2024-04-30
Flutter Mobile Software Developer Academic Internship-Onsite or 100% Remote,UWACO Cameroon PLC,https://doopin.net/oPqLW?dref=doojobs,Informatique - Electronique - Numérique,Stage Professionnel,Lieu,2024-04-30
DevOps & Infrastructure Academic Internship,UWACO Cameroon PLC,https://doopin.net/SLsbE?dref=doojobs,Informatique - Electronique - Numérique,Stage Professionnel,Bonamoussadi,2024-04-30
SALES AND MARKETING INTERNSHIP,UWACO Cameroon PLC,https://doopin.net/xAFJK?dref=doojobs,Publicité - Marketing,Stage Académique,Lieu,2024-04-30
SALES AND MARKETING INTERNSHIP,UWACO Cameroon PLC,https://doopin.net/xAFJK?dref=doojobs,Publicité - Marketing,Stage Académique,Lieu,2024-04-30
Représentant / Ambassadeur,Help Consulting Inetrnational,https://doopin.net/BrxOf?dref=doojobs,Publicité - Marketing,Commission,Buea,2024-06-11
SALES AND MARKETING INTERNSHIP,UWACO Cameroon PLC,https://doopin.net/xAFJK?dref=doojobs,Publicité - Marketing,Stage Académique,Lieu,2024-04-30
Représentant / Ambassadeur,Help Consulting Inetrnational,https://doopin.net/BrxOf?dref=doojobs,Publicité - Marketing,Commission,Buea,2024-06-11
Technico-commercial,Global travel et services groupe sarl,https://doopin.net/HkcWo?dref=doojobs,Commerce - Vente - Distribution,Emploi-jeune,Mvan-Ancien aéroport,2024-04-06
SALES AND MARKETING INTERNSHIP,UWACO Cameroon PLC,https://doopin.net/xAFJK?dref=doojobs,Publicité - Marketing,Stage Académique,Lieu,2024-04-30
Représentant / Ambassadeur,Help Consulting Inetrnational,https://doopin.net/BrxOf?dref=doojobs,Publicité - Marketing,Commission,Buea,2024-06-11
GBV Project Coordinator (Internship/f),WETECH (Women in Entrepreneurship and Technology),https://doopin.net/mFFOR?dref=doojobs,Humanitaire,Stage Professionnel,Douala,2024-04-07
Stage professionnel - Utecq Academie,UTECQ ACADEMIE,https://doopin.net/Malsg?dref=doojobs,Informatique - Electronique - Numérique,Stage Professionnel,Mfou,2024-04-15
Commercial en Marketing Digital,TACKO SARL CAMEROUN,https://doopin.net/blNvv?dref=doojobs,Commerce - Vente - Distribution,Stage Professionnel,Akwa,2024-04-20
Recrutement des commerciaux,Blade Financial House,https://doopin.net/JTUgk?dref=doojobs,Commerce - Vente - Distribution,Permanent/CDI,Douala,2024-04-30
SALES AND MARKETING INTERNSHIP,UWACO Cameroon PLC,https://doopin.net/xAFJK?dref=doojobs,Publicité - Marketing,Stage Académique,Lieu,2024-04-30
Représentant / Ambassadeur,Help Consulting Inetrnational,https://doopin.net/BrxOf?dref=doojobs,Publicité - Marketing,Commission,Buea,2024-06-11
SALES AND MARKETING INTERNSHIP,UWACO Cameroon PLC,https://doopin.net/xAFJK?dref=doojobs,Publicité - Marketing,Stage Académique,Lieu,2024-04-30
Représentant / Ambassadeur,Help Consulting Inetrnational,https://doopin.net/BrxOf?dref=doojobs,Publicité - Marketing,Commission,Buea,2024-06-11
Administrateur Réseau et Maintenance,Queen's Africa,https://doopin.net/cVJzE?dref=doojobs,Informatique - Electronique - Numérique,Permanent/CDI,LOGPOM,2024-04-10
STAGIAIRE COMMERCIAL,FRAKTAL  CAMEROUN SARL,https://doopin.net/urIoK?dref=doojobs,Commerce - Vente - Distribution,Stage Académique,Douala,2024-04-05
SALES AND MARKETING INTERNSHIP,UWACO Cameroon PLC,https://doopin.net/xAFJK?dref=doojobs,Publicité - Marketing,Stage Académique,Lieu,2024-04-30
Représentant / Ambassadeur,Help Consulting Inetrnational,https://doopin.net/BrxOf?dref=doojobs,Publicité - Marketing,Commission,Buea,2024-06-11
AGENT COMMERCIAUX,CHOICE INTERNATIONAL FORWARDING,https://doopin.net/sHJin?dref=doojobs,Transport - Logistique,Non spécifé,Yaoundé,2024-04-26
SALES AND MARKETING INTERNSHIP,UWACO Cameroon PLC,https://doopin.net/xAFJK?dref=doojobs,Publicité - Marketing,Stage Académique,Lieu,2024-04-30
Représentant / Ambassadeur,Help Consulting Inetrnational,https://doopin.net/BrxOf?dref=doojobs,Publicité - Marketing,Commission,Buea,2024-06-11
SALES AND MARKETING INTERNSHIP,UWACO Cameroon PLC,https://doopin.net/xAFJK?dref=doojobs,Publicité - Marketing,Stage Académique,Lieu,2024-04-30
Représentant / Ambassadeur,Help Consulting Inetrnational,https://doopin.net/BrxOf?dref=doojobs,Publicité - Marketing,Commission,Buea,2024-06-11
SALES AND MARKETING INTERNSHIP,UWACO Cameroon PLC,https://doopin.net/xAFJK?dref=doojobs,Publicité - Marketing,Stage Académique,Lieu,2024-04-30
Représentant / Ambassadeur,Help Consulting Inetrnational,https://doopin.net/BrxOf?dref=doojobs,Publicité - Marketing,Commission,Buea,2024-06-11
Vice principal,Collège,https://doopin.net/fEkDr?dref=doojobs,Enseignement,Permanent/CDI,Bafoussam,2024-04-10
Conseillers en Assurance vie (H/F),PRUDENTIAL BENEFICIAL LIFE INSURANCE S.A,https://doopin.net/umdzF?dref=doojobs,Assurance,Commission,Mbankomo,2024-04-15
SALES AND MARKETING INTERNSHIP,UWACO Cameroon PLC,https://doopin.net/xAFJK?dref=doojobs,Publicité - Marketing,Stage Académique,Lieu,2024-04-30
Représentant / Ambassadeur,Help Consulting Inetrnational,https://doopin.net/BrxOf?dref=doojobs,Publicité - Marketing,Commission,Buea,2024-06-11
SALES AND MARKETING INTERNSHIP,UWACO Cameroon PLC,https://doopin.net/xAFJK?dref=doojobs,Publicité - Marketing,Stage Académique,Lieu,2024-04-30
Représentant / Ambassadeur,Help Consulting Inetrnational,https://doopin.net/BrxOf?dref=doojobs,Publicité - Marketing,Commission,Buea,2024-06-11
SALES AND MARKETING INTERNSHIP,UWACO Cameroon PLC,https://doopin.net/xAFJK?dref=doojobs,Publicité - Marketing,Stage Académique,Lieu,2024-04-30
Représentant / Ambassadeur,Help Consulting Inetrnational,https://doopin.net/BrxOf?dref=doojobs,Publicité - Marketing,Commission,Buea,2024-06-11
SALES AND MARKETING INTERNSHIP,UWACO Cameroon PLC,https://doopin.net/xAFJK?dref=doojobs,Publicité - Marketing,Stage Académique,Lieu,2024-04-30
Représentant / Ambassadeur,Help Consulting Inetrnational,https://doopin.net/BrxOf?dref=doojobs,Publicité - Marketing,Commission,Buea,2024-06-11
SALES AND MARKETING INTERNSHIP,UWACO Cameroon PLC,https://doopin.net/xAFJK?dref=doojobs,Publicité - Marketing,Stage Académique,Lieu,2024-04-30
Représentant / Ambassadeur,Help Consulting Inetrnational,https://doopin.net/BrxOf?dref=doojobs,Publicité - Marketing,Commission,Buea,2024-06-11
SALES AND MARKETING INTERNSHIP,UWACO Cameroon PLC,https://doopin.net/xAFJK?dref=doojobs,Publicité - Marketing,Stage Académique,Lieu,2024-04-30
Représentant / Ambassadeur,Help Consulting Inetrnational,https://doopin.net/BrxOf?dref=doojobs,Publicité - Marketing,Commission,Buea,2024-06-11
COMMERCIAL,ATHARI FINANCIAL coop ca,https://doopin.net/vCaxy?dref=doojobs,Commerce - Vente - Distribution,Permanent/CDI,Yaoundé,2024-04-15
SALES AND MARKETING INTERNSHIP,UWACO Cameroon PLC,https://doopin.net/xAFJK?dref=doojobs,Publicité - Marketing,Stage Académique,Lieu,2024-04-30
Représentant / Ambassadeur,Help Consulting Inetrnational,https://doopin.net/BrxOf?dref=doojobs,Publicité - Marketing,Commission,Buea,2024-06-11
SALES AND MARKETING INTERNSHIP,UWACO Cameroon PLC,https://doopin.net/xAFJK?dref=doojobs,Publicité - Marketing,Stage Académique,Lieu,2024-04-30
Représentant / Ambassadeur,Help Consulting Inetrnational,https://doopin.net/BrxOf?dref=doojobs,Publicité - Marketing,Commission,Buea,2024-06-11
SALES AND MARKETING INTERNSHIP,UWACO Cameroon PLC,https://doopin.net/xAFJK?dref=doojobs,Publicité - Marketing,Stage Académique,Lieu,2024-04-30
Représentant / Ambassadeur,Help Consulting Inetrnational,https://doopin.net/BrxOf?dref=doojobs,Publicité - Marketing,Commission,Buea,2024-06-11
SALES AND MARKETING INTERNSHIP,UWACO Cameroon PLC,https://doopin.net/xAFJK?dref=doojobs,Publicité - Marketing,Stage Académique,Lieu,2024-04-30
Représentant / Ambassadeur,Help Consulting Inetrnational,https://doopin.net/BrxOf?dref=doojobs,Publicité - Marketing,Commission,Buea,2024-06-11
SALES AND MARKETING INTERNSHIP,UWACO Cameroon PLC,https://doopin.net/xAFJK?dref=doojobs,Publicité - Marketing,Stage Académique,Lieu,2024-04-30
Représentant / Ambassadeur,Help Consulting Inetrnational,https://doopin.net/BrxOf?dref=doojobs,Publicité - Marketing,Commission,Buea,2024-06-11
SALES AND MARKETING INTERNSHIP,UWACO Cameroon PLC,https://doopin.net/xAFJK?dref=doojobs,Publicité - Marketing,Stage Académique,Lieu,2024-04-30
Représentant / Ambassadeur,Help Consulting Inetrnational,https://doopin.net/BrxOf?dref=doojobs,Publicité - Marketing,Commission,Buea,2024-06-11
SALES AND MARKETING INTERNSHIP,UWACO Cameroon PLC,https://doopin.net/xAFJK?dref=doojobs,Publicité - Marketing,Stage Académique,Lieu,2024-04-30
Représentant / Ambassadeur,Help Consulting Inetrnational,https://doopin.net/BrxOf?dref=doojobs,Publicité - Marketing,Commission,Buea,2024-06-11
Assistant( e) fiscaliste,Alfya groupe,https://doopin.net/QTznX?dref=doojobs,Droit - Justice,Permanent/CDI,Yaoundé,2024-04-05
SALES AND MARKETING INTERNSHIP,UWACO Cameroon PLC,https://doopin.net/xAFJK?dref=doojobs,Publicité - Marketing,Stage Académique,Lieu,2024-04-30
Représentant / Ambassadeur,Help Consulting Inetrnational,https://doopin.net/BrxOf?dref=doojobs,Publicité - Marketing,Commission,Buea,2024-06-11
SALES AND MARKETING INTERNSHIP,UWACO Cameroon PLC,https://doopin.net/xAFJK?dref=doojobs,Publicité - Marketing,Stage Académique,Lieu,2024-04-30
Représentant / Ambassadeur,Help Consulting Inetrnational,https://doopin.net/BrxOf?dref=doojobs,Publicité - Marketing,Commission,Buea,2024-06-11
SALES AND MARKETING INTERNSHIP,UWACO Cameroon PLC,https://doopin.net/xAFJK?dref=doojobs,Publicité - Marketing,Stage Académique,Lieu,2024-04-30
Représentant / Ambassadeur,Help Consulting Inetrnational,https://doopin.net/BrxOf?dref=doojobs,Publicité - Marketing,Commission,Buea,2024-06-11
SALES AND MARKETING INTERNSHIP,UWACO Cameroon PLC,https://doopin.net/xAFJK?dref=doojobs,Publicité - Marketing,Stage Académique,Lieu,2024-04-30
Représentant / Ambassadeur,Help Consulting Inetrnational,https://doopin.net/BrxOf?dref=doojobs,Publicité - Marketing,Commission,Buea,2024-06-11
TELEVENDEUR/TELEVENDEUSE,Entreprise de la place,https://doopin.net/uRTCG?dref=doojobs,Commerce - Vente - Distribution,Permanent/CDI,Akwa,2025-03-31
SALES AND MARKETING INTERNSHIP,UWACO Cameroon PLC,https://doopin.net/xAFJK?dref=doojobs,Publicité - Marketing,Stage Académique,Lieu,2024-04-30
Représentant / Ambassadeur,Help Consulting Inetrnational,https://doopin.net/BrxOf?dref=doojobs,Publicité - Marketing,Commission,Buea,2024-06-11
SALES AND MARKETING INTERNSHIP,UWACO Cameroon PLC,https://doopin.net/xAFJK?dref=doojobs,Publicité - Marketing,Stage Académique,Lieu,2024-04-30
Représentant / Ambassadeur,Help Consulting Inetrnational,https://doopin.net/BrxOf?dref=doojobs,Publicité - Marketing,Commission,Buea,2024-06-11
SALES AND MARKETING INTERNSHIP,UWACO Cameroon PLC,https://doopin.net/xAFJK?dref=doojobs,Publicité - Marketing,Stage Académique,Lieu,2024-04-30
Représentant / Ambassadeur,Help Consulting Inetrnational,https://doopin.net/BrxOf?dref=doojobs,Publicité - Marketing,Commission,Buea,2024-06-11
SALES AND MARKETING INTERNSHIP,UWACO Cameroon PLC,https://doopin.net/xAFJK?dref=doojobs,Publicité - Marketing,Stage Académique,Lieu,2024-04-30
Représentant / Ambassadeur,Help Consulting Inetrnational,https://doopin.net/BrxOf?dref=doojobs,Publicité - Marketing,Commission,Buea,2024-06-11
SALES AND MARKETING INTERNSHIP,UWACO Cameroon PLC,https://doopin.net/xAFJK?dref=doojobs,Publicité - Marketing,Stage Académique,Lieu,2024-04-30
Représentant / Ambassadeur,Help Consulting Inetrnational,https://doopin.net/BrxOf?dref=doojobs,Publicité - Marketing,Commission,Buea,2024-06-11
SALES AND MARKETING INTERNSHIP,UWACO Cameroon PLC,https://doopin.net/xAFJK?dref=doojobs,Publicité - Marketing,Stage Académique,Lieu,2024-04-30
Représentant / Ambassadeur,Help Consulting Inetrnational,https://doopin.net/BrxOf?dref=doojobs,Publicité - Marketing,Commission,Buea,2024-06-11
SALES AND MARKETING INTERNSHIP,UWACO Cameroon PLC,https://doopin.net/xAFJK?dref=doojobs,Publicité - Marketing,Stage Académique,Lieu,2024-04-30
Représentant / Ambassadeur,Help Consulting Inetrnational,https://doopin.net/BrxOf?dref=doojobs,Publicité - Marketing,Commission,Buea,2024-06-11
AGENT DE TERRAIN,EJARA Sarl,https://doopin.net/aWpWX?dref=doojobs,Commerce - Vente - Distribution,Consultant,Douala,2024-04-20
SALES AND MARKETING INTERNSHIP,UWACO Cameroon PLC,https://doopin.net/xAFJK?dref=doojobs,Publicité - Marketing,Stage Académique,Lieu,2024-04-30
Représentant / Ambassadeur,Help Consulting Inetrnational,https://doopin.net/BrxOf?dref=doojobs,Publicité - Marketing,Commission,Buea,2024-06-11
SALES AND MARKETING INTERNSHIP,UWACO Cameroon PLC,https://doopin.net/xAFJK?dref=doojobs,Publicité - Marketing,Stage Académique,Lieu,2024-04-30
Représentant / Ambassadeur,Help Consulting Inetrnational,https://doopin.net/BrxOf?dref=doojobs,Publicité - Marketing,Commission,Buea,2024-06-11
SALES AND MARKETING INTERNSHIP,UWACO Cameroon PLC,https://doopin.net/xAFJK?dref=doojobs,Publicité - Marketing,Stage Académique,Lieu,2024-04-30
Représentant / Ambassadeur,Help Consulting Inetrnational,https://doopin.net/BrxOf?dref=doojobs,Publicité - Marketing,Commission,Buea,2024-06-11
SALES AND MARKETING INTERNSHIP,UWACO Cameroon PLC,https://doopin.net/xAFJK?dref=doojobs,Publicité - Marketing,Stage Académique,Lieu,2024-04-30
Représentant / Ambassadeur,Help Consulting Inetrnational,https://doopin.net/BrxOf?dref=doojobs,Publicité - Marketing,Commission,Buea,2024-06-11
SALES AND MARKETING INTERNSHIP,UWACO Cameroon PLC,https://doopin.net/xAFJK?dref=doojobs,Publicité - Marketing,Stage Académique,Lieu,2024-04-30
Représentant / Ambassadeur,Help Consulting Inetrnational,https://doopin.net/BrxOf?dref=doojobs,Publicité - Marketing,Commission,Buea,2024-06-11
SALES AND MARKETING INTERNSHIP,UWACO Cameroon PLC,https://doopin.net/xAFJK?dref=doojobs,Publicité - Marketing,Stage Académique,Lieu,2024-04-30
Représentant / Ambassadeur,Help Consulting Inetrnational,https://doopin.net/BrxOf?dref=doojobs,Publicité - Marketing,Commission,Buea,2024-06-11
BARMAN,LA VALLEE DE BANA,https://doopin.net/PIXVq?dref=doojobs,Hôtellerie - Restauration,Non spécifé,Bana,2024-04-15
SALES AND MARKETING INTERNSHIP,UWACO Cameroon PLC,https://doopin.net/xAFJK?dref=doojobs,Publicité - Marketing,Stage Académique,Lieu,2024-04-30
Représentant / Ambassadeur,Help Consulting Inetrnational,https://doopin.net/BrxOf?dref=doojobs,Publicité - Marketing,Commission,Buea,2024-06-11
SALES AND MARKETING INTERNSHIP,UWACO Cameroon PLC,https://doopin.net/xAFJK?dref=doojobs,Publicité - Marketing,Stage Académique,Lieu,2024-04-30
Représentant / Ambassadeur,Help Consulting Inetrnational,https://doopin.net/BrxOf?dref=doojobs,Publicité - Marketing,Commission,Buea,2024-06-11
SALES AND MARKETING INTERNSHIP,UWACO Cameroon PLC,https://doopin.net/xAFJK?dref=doojobs,Publicité - Marketing,Stage Académique,Lieu,2024-04-30
Représentant / Ambassadeur,Help Consulting Inetrnational,https://doopin.net/BrxOf?dref=doojobs,Publicité - Marketing,Commission,Buea,2024-06-11
SALES AND MARKETING INTERNSHIP,UWACO Cameroon PLC,https://doopin.net/xAFJK?dref=doojobs,Publicité - Marketing,Stage Académique,Lieu,2024-04-30
Représentant / Ambassadeur,Help Consulting Inetrnational,https://doopin.net/BrxOf?dref=doojobs,Publicité - Marketing,Commission,Buea,2024-06-11
SALES AND MARKETING INTERNSHIP,UWACO Cameroon PLC,https://doopin.net/xAFJK?dref=doojobs,Publicité - Marketing,Stage Académique,Lieu,2024-04-30
Représentant / Ambassadeur,Help Consulting Inetrnational,https://doopin.net/BrxOf?dref=doojobs,Publicité - Marketing,Commission,Buea,2024-06-11
SALES AND MARKETING INTERNSHIP,UWACO Cameroon PLC,https://doopin.net/xAFJK?dref=doojobs,Publicité - Marketing,Stage Académique,Lieu,2024-04-30
Représentant / Ambassadeur,Help Consulting Inetrnational,https://doopin.net/BrxOf?dref=doojobs,Publicité - Marketing,Commission,Buea,2024-06-11
SALES AND MARKETING INTERNSHIP,UWACO Cameroon PLC,https://doopin.net/xAFJK?dref=doojobs,Publicité - Marketing,Stage Académique,Lieu,2024-04-30
Représentant / Ambassadeur,Help Consulting Inetrnational,https://doopin.net/BrxOf?dref=doojobs,Publicité - Marketing,Commission,Buea,2024-06-11
Commerciaux (Agents marketistes),FIVE STUDIO,https://doopin.net/iaqOv?dref=doojobs,Commerce - Vente - Distribution,Temps-Partiel,Bonabéri,2024-04-07
SALES AND MARKETING INTERNSHIP,UWACO Cameroon PLC,https://doopin.net/xAFJK?dref=doojobs,Publicité - Marketing,Stage Académique,Lieu,2024-04-30
Représentant / Ambassadeur,Help Consulting Inetrnational,https://doopin.net/BrxOf?dref=doojobs,Publicité - Marketing,Commission,Buea,2024-06-11
SALES AND MARKETING INTERNSHIP,UWACO Cameroon PLC,https://doopin.net/xAFJK?dref=doojobs,Publicité - Marketing,Stage Académique,Lieu,2024-04-30
Représentant / Ambassadeur,Help Consulting Inetrnational,https://doopin.net/BrxOf?dref=doojobs,Publicité - Marketing,Commission,Buea,2024-06-11
SALES AND MARKETING INTERNSHIP,UWACO Cameroon PLC,https://doopin.net/xAFJK?dref=doojobs,Publicité - Marketing,Stage Académique,Lieu,2024-04-30
Représentant / Ambassadeur,Help Consulting Inetrnational,https://doopin.net/BrxOf?dref=doojobs,Publicité - Marketing,Commission,Buea,2024-06-11
SALES AND MARKETING INTERNSHIP,UWACO Cameroon PLC,https://doopin.net/xAFJK?dref=doojobs,Publicité - Marketing,Stage Académique,Lieu,2024-04-30
Représentant / Ambassadeur,Help Consulting Inetrnational,https://doopin.net/BrxOf?dref=doojobs,Publicité - Marketing,Commission,Buea,2024-06-11
SALES AND MARKETING INTERNSHIP,UWACO Cameroon PLC,https://doopin.net/xAFJK?dref=doojobs,Publicité - Marketing,Stage Académique,Lieu,2024-04-30
Représentant / Ambassadeur,Help Consulting Inetrnational,https://doopin.net/BrxOf?dref=doojobs,Publicité - Marketing,Commission,Buea,2024-06-11
SALES AND MARKETING INTERNSHIP,UWACO Cameroon PLC,https://doopin.net/xAFJK?dref=doojobs,Publicité - Marketing,Stage Académique,Lieu,2024-04-30
Représentant / Ambassadeur,Help Consulting Inetrnational,https://doopin.net/BrxOf?dref=doojobs,Publicité - Marketing,Commission,Buea,2024-06-11
SALES AND MARKETING INTERNSHIP,UWACO Cameroon PLC,https://doopin.net/xAFJK?dref=doojobs,Publicité - Marketing,Stage Académique,Lieu,2024-04-30
Représentant / Ambassadeur,Help Consulting Inetrnational,https://doopin.net/BrxOf?dref=doojobs,Publicité - Marketing,Commission,Buea,2024-06-11
SALES AND MARKETING INTERNSHIP,UWACO Cameroon PLC,https://doopin.net/xAFJK?dref=doojobs,Publicité - Marketing,Stage Académique,Lieu,2024-04-30
Représentant / Ambassadeur,Help Consulting Inetrnational,https://doopin.net/BrxOf?dref=doojobs,Publicité - Marketing,Commission,Buea,2024-06-11
SALES AND MARKETING INTERNSHIP,UWACO Cameroon PLC,https://doopin.net/xAFJK?dref=doojobs,Publicité - Marketing,Stage Académique,Lieu,2024-04-30
Représentant / Ambassadeur,Help Consulting Inetrnational,https://doopin.net/BrxOf?dref=doojobs,Publicité - Marketing,Commission,Buea,2024-06-11
SALES AND MARKETING INTERNSHIP,UWACO Cameroon PLC,https://doopin.net/xAFJK?dref=doojobs,Publicité - Marketing,Stage Académique,Lieu,2024-04-30
Représentant / Ambassadeur,Help Consulting Inetrnational,https://doopin.net/BrxOf?dref=doojobs,Publicité - Marketing,Commission,Buea,2024-06-11
SALES AND MARKETING INTERNSHIP,UWACO Cameroon PLC,https://doopin.net/xAFJK?dref=doojobs,Publicité - Marketing,Stage Académique,Lieu,2024-04-30
Représentant / Ambassadeur,Help Consulting Inetrnational,https://doopin.net/BrxOf?dref=doojobs,Publicité - Marketing,Commission,Buea,2024-06-11
SALES AND MARKETING INTERNSHIP,UWACO Cameroon PLC,https://doopin.net/xAFJK?dref=doojobs,Publicité - Marketing,Stage Académique,Lieu,2024-04-30
Représentant / Ambassadeur,Help Consulting Inetrnational,https://doopin.net/BrxOf?dref=doojobs,Publicité - Marketing,Commission,Buea,2024-06-11
SALES AND MARKETING INTERNSHIP,UWACO Cameroon PLC,https://doopin.net/xAFJK?dref=doojobs,Publicité - Marketing,Stage Académique,Lieu,2024-04-30
Représentant / Ambassadeur,Help Consulting Inetrnational,https://doopin.net/BrxOf?dref=doojobs,Publicité - Marketing,Commission,Buea,2024-06-11
SALES AND MARKETING INTERNSHIP,UWACO Cameroon PLC,https://doopin.net/xAFJK?dref=doojobs,Publicité - Marketing,Stage Académique,Lieu,2024-04-30
Représentant / Ambassadeur,Help Consulting Inetrnational,https://doopin.net/BrxOf?dref=doojobs,Publicité - Marketing,Commission,Buea,2024-06-11
SALES AND MARKETING INTERNSHIP,UWACO Cameroon PLC,https://doopin.net/xAFJK?dref=doojobs,Publicité - Marketing,Stage Académique,Lieu,2024-04-30
Représentant / Ambassadeur,Help Consulting Inetrnational,https://doopin.net/BrxOf?dref=doojobs,Publicité - Marketing,Commission,Buea,2024-06-11
EMPLOYMENT OPPORTUNITY SEND CV,PWC Oil and Gas LTD,https://doopin.net/Zdlmz?dref=doojobs,Comptabilité - Gestion,Non spécifé,Bastos,2025-02-28
SALES AND MARKETING INTERNSHIP,UWACO Cameroon PLC,https://doopin.net/xAFJK?dref=doojobs,Publicité - Marketing,Stage Académique,Lieu,2024-04-30
Représentant / Ambassadeur,Help Consulting Inetrnational,https://doopin.net/BrxOf?dref=doojobs,Publicité - Marketing,Commission,Buea,2024-06-11
SALES AND MARKETING INTERNSHIP,UWACO Cameroon PLC,https://doopin.net/xAFJK?dref=doojobs,Publicité - Marketing,Stage Académique,Lieu,2024-04-30
Représentant / Ambassadeur,Help Consulting Inetrnational,https://doopin.net/BrxOf?dref=doojobs,Publicité - Marketing,Commission,Buea,2024-06-11
SALES AND MARKETING INTERNSHIP,UWACO Cameroon PLC,https://doopin.net/xAFJK?dref=doojobs,Publicité - Marketing,Stage Académique,Lieu,2024-04-30
Représentant / Ambassadeur,Help Consulting Inetrnational,https://doopin.net/BrxOf?dref=doojobs,Publicité - Marketing,Commission,Buea,2024-06-11
Recrutement massif de Téléconseillers,CALL-IN SERVICES,https://doopin.net/aODEy?dref=doojobs,Commerce - Vente - Distribution,Non spécifé,Biyem-Assi,2024-04-15
SALES AND MARKETING INTERNSHIP,UWACO Cameroon PLC,https://doopin.net/xAFJK?dref=doojobs,Publicité - Marketing,Stage Académique,Lieu,2024-04-30
Représentant / Ambassadeur,Help Consulting Inetrnational,https://doopin.net/BrxOf?dref=doojobs,Publicité - Marketing,Commission,Buea,2024-06-11
SALES AND MARKETING INTERNSHIP,UWACO Cameroon PLC,https://doopin.net/xAFJK?dref=doojobs,Publicité - Marketing,Stage Académique,Lieu,2024-04-30
Représentant / Ambassadeur,Help Consulting Inetrnational,https://doopin.net/BrxOf?dref=doojobs,Publicité - Marketing,Commission,Buea,2024-06-11
SALES AND MARKETING INTERNSHIP,UWACO Cameroon PLC,https://doopin.net/xAFJK?dref=doojobs,Publicité - Marketing,Stage Académique,Lieu,2024-04-30
Représentant / Ambassadeur,Help Consulting Inetrnational,https://doopin.net/BrxOf?dref=doojobs,Publicité - Marketing,Commission,Buea,2024-06-11
Représentant / Ambassadeur,Help Consulting Inetrnational,https://doopin.net/BrxOf?dref=doojobs,Publicité - Marketing,Commission,Buea,2024-06-11
SALES AND MARKETING INTERNSHIP,UWACO Cameroon PLC,https://doopin.net/xAFJK?dref=doojobs,Publicité - Marketing,Stage Académique,Lieu,2024-04-30
Représentant / Ambassadeur,Help Consulting Inetrnational,https://doopin.net/BrxOf?dref=doojobs,Publicité - Marketing,Commission,Buea,2024-06-11
SALES AND MARKETING INTERNSHIP,UWACO Cameroon PLC,https://doopin.net/xAFJK?dref=doojobs,Publicité - Marketing,Stage Académique,Lieu,2024-04-30
Représentant / Ambassadeur,Help Consulting Inetrnational,https://doopin.net/BrxOf?dref=doojobs,Publicité - Marketing,Commission,Buea,2024-06-11
SALES AND MARKETING INTERNSHIP,UWACO Cameroon PLC,https://doopin.net/xAFJK?dref=doojobs,Publicité - Marketing,Stage Académique,Lieu,2024-04-30
Représentant / Ambassadeur,Help Consulting Inetrnational,https://doopin.net/BrxOf?dref=doojobs,Publicité - Marketing,Commission,Buea,2024-06-11
SALES AND MARKETING INTERNSHIP,UWACO Cameroon PLC,https://doopin.net/xAFJK?dref=doojobs,Publicité - Marketing,Stage Académique,Lieu,2024-04-30
Représentant / Ambassadeur,Help Consulting Inetrnational,https://doopin.net/BrxOf?dref=doojobs,Publicité - Marketing,Commission,Buea,2024-06-11
SALES AND MARKETING INTERNSHIP,UWACO Cameroon PLC,https://doopin.net/xAFJK?dref=doojobs,Publicité - Marketing,Stage Académique,Lieu,2024-04-30
Représentant / Ambassadeur,Help Consulting Inetrnational,https://doopin.net/BrxOf?dref=doojobs,Publicité - Marketing,Commission,Buea,2024-06-11
SALES AND MARKETING INTERNSHIP,UWACO Cameroon PLC,https://doopin.net/xAFJK?dref=doojobs,Publicité - Marketing,Stage Académique,Lieu,2024-04-30
Représentant / Ambassadeur,Help Consulting Inetrnational,https://doopin.net/BrxOf?dref=doojobs,Publicité - Marketing,Commission,Buea,2024-06-11
SALES AND MARKETING INTERNSHIP,UWACO Cameroon PLC,https://doopin.net/xAFJK?dref=doojobs,Publicité - Marketing,Stage Académique,Lieu,2024-04-30
Représentant / Ambassadeur,Help Consulting Inetrnational,https://doopin.net/BrxOf?dref=doojobs,Publicité - Marketing,Commission,Buea,2024-06-11
SALES AND MARKETING INTERNSHIP,UWACO Cameroon PLC,https://doopin.net/xAFJK?dref=doojobs,Publicité - Marketing,Stage Académique,Lieu,2024-04-30
Représentant / Ambassadeur,Help Consulting Inetrnational,https://doopin.net/BrxOf?dref=doojobs,Publicité - Marketing,Commission,Buea,2024-06-11
SALES AND MARKETING INTERNSHIP,UWACO Cameroon PLC,https://doopin.net/xAFJK?dref=doojobs,Publicité - Marketing,Stage Académique,Lieu,2024-04-30
Représentant / Ambassadeur,Help Consulting Inetrnational,https://doopin.net/BrxOf?dref=doojobs,Publicité - Marketing,Commission,Buea,2024-06-11
SALES AND MARKETING INTERNSHIP,UWACO Cameroon PLC,https://doopin.net/xAFJK?dref=doojobs,Publicité - Marketing,Stage Académique,Lieu,2024-04-30
Représentant / Ambassadeur,Help Consulting Inetrnational,https://doopin.net/BrxOf?dref=doojobs,Publicité - Marketing,Commission,Buea,2024-06-11
SALES AND MARKETING INTERNSHIP,UWACO Cameroon PLC,https://doopin.net/xAFJK?dref=doojobs,Publicité - Marketing,Stage Académique,Lieu,2024-04-30
Représentant / Ambassadeur,Help Consulting Inetrnational,https://doopin.net/BrxOf?dref=doojobs,Publicité - Marketing,Commission,Buea,2024-06-11
SALES AND MARKETING INTERNSHIP,UWACO Cameroon PLC,https://doopin.net/xAFJK?dref=doojobs,Publicité - Marketing,Stage Académique,Lieu,2024-04-30
Représentant / Ambassadeur,Help Consulting Inetrnational,https://doopin.net/BrxOf?dref=doojobs,Publicité - Marketing,Commission,Buea,2024-06-11
SALES AND MARKETING INTERNSHIP,UWACO Cameroon PLC,https://doopin.net/xAFJK?dref=doojobs,Publicité - Marketing,Stage Académique,Lieu,2024-04-30
Représentant / Ambassadeur,Help Consulting Inetrnational,https://doopin.net/BrxOf?dref=doojobs,Publicité - Marketing,Commission,Buea,2024-06-11
SALES AND MARKETING INTERNSHIP,UWACO Cameroon PLC,https://doopin.net/xAFJK?dref=doojobs,Publicité - Marketing,Stage Académique,Lieu,2024-04-30
Représentant / Ambassadeur,Help Consulting Inetrnational,https://doopin.net/BrxOf?dref=doojobs,Publicité - Marketing,Commission,Buea,2024-06-11
SALES AND MARKETING INTERNSHIP,UWACO Cameroon PLC,https://doopin.net/xAFJK?dref=doojobs,Publicité - Marketing,Stage Académique,Lieu,2024-04-30
Représentant / Ambassadeur,Help Consulting Inetrnational,https://doopin.net/BrxOf?dref=doojobs,Publicité - Marketing,Commission,Buea,2024-06-11
Chef de Projet de Production Végétale,SCOOPS - BEAUXHECTARES,https://doopin.net/tMcTm?dref=doojobs,Agriculture,Permanent/CDI,Yaoundé,2024-04-30
SALES AND MARKETING INTERNSHIP,UWACO Cameroon PLC,https://doopin.net/xAFJK?dref=doojobs,Publicité - Marketing,Stage Académique,Lieu,2024-04-30
Représentant / Ambassadeur,Help Consulting Inetrnational,https://doopin.net/BrxOf?dref=doojobs,Publicité - Marketing,Commission,Buea,2024-06-11
SALES AND MARKETING INTERNSHIP,UWACO Cameroon PLC,https://doopin.net/xAFJK?dref=doojobs,Publicité - Marketing,Stage Académique,Lieu,2024-04-30
Représentant / Ambassadeur,Help Consulting Inetrnational,https://doopin.net/BrxOf?dref=doojobs,Publicité - Marketing,Commission,Buea,2024-06-11
COMMUNITY MANAGER,TAMS SERVICES,https://doopin.net/IJpzO?dref=doojobs,Internet - Web,Permanent/CDI,Yaoundé,2025-01-17
SALES AND MARKETING INTERNSHIP,UWACO Cameroon PLC,https://doopin.net/xAFJK?dref=doojobs,Publicité - Marketing,Stage Académique,Lieu,2024-04-30
Représentant / Ambassadeur,Help Consulting Inetrnational,https://doopin.net/BrxOf?dref=doojobs,Publicité - Marketing,Commission,Buea,2024-06-11
SALES AND MARKETING INTERNSHIP,UWACO Cameroon PLC,https://doopin.net/xAFJK?dref=doojobs,Publicité - Marketing,Stage Académique,Lieu,2024-04-30
Représentant / Ambassadeur,Help Consulting Inetrnational,https://doopin.net/BrxOf?dref=doojobs,Publicité - Marketing,Commission,Buea,2024-06-11
